{"Nadiia": {"rating": 1567.63211879482, "rd": 73.1756030071919}, "Andrei": {"rating": 1585.2660677698148, "rd": 76.94946734235182}, "Mark": {"rating": 1524.7148138608316, "rd": 115.3465673301954}, "Nathan": {"rating": 1078.0089874680357, "rd": 116.01370992109378}, "Babak": {"rating": 1552.9440317412932, "rd": 71.26944816971582}, "Fede": {"rating": 1101.502965083162, "rd": 112.74223789477779}, "Gonzalo": {"rating": 1200.1682018069102, "rd": 68.50721711467362}, "Marco": {"rating": 1967.7304724506953, "rd": 92.73495439695638}, "BustySara": {"rating": 1600.4285974216014, "rd": 148.60576403263155}, "Giovanni": {"rating": 1896.6078380385857, "rd": 152.8481090756615}, "Ned": {"rating": 1734.0226203958248, "rd": 113.57182397251793}, "Tomas": {"rating": 1338.1009907082514, "rd": 81.0492985274604}, "Tom": {"rating": 1385.7143026864778, "rd": 75.31683429307832}, "Maik": {"rating": 1493.5200865379886, "rd": 73.1515961547966}, "Radka": {"rating": 1212.784545136, "rd": 80.24192013888404}, "Yoav": {"rating": 1707.86809769126, "rd": 86.4682132372028}, "Dmitrii": {"rating": 1489.1416787685987, "rd": 147.71497398496373}, "Kuba": {"rating": 1552.7871471608846, "rd": 100.41639673223632}, "Joel": {"rating": 1600.4902250213431, "rd": 112.15835911338395}, "Gil": {"rating": 1724.6151899264069, "rd": 149.42479617457047}, "Andrey": {"rating": 1813.3710717878153, "rd": 151.22013388572253}, "Fabien": {"rating": 1136.8043465397022, "rd": 111.69022657068138}, "Adriano": {"rating": 1793.537647483337, "rd": 154.80936643782061}, "Krystian": {"rating": 1416.347860954837, "rd": 145.00229517652568}, "Thor (BustySara)": {"rating": 1543.659691559765, "rd": 149.84975880114655}, "Fernando": {"rating": 1420.821801927591, "rd": 80.54447477697107}, "Lukas": {"rating": 1314.6548930372608, "rd": 78.58667278818106}, "Jay": {"rating": 1581.4169524251324, "rd": 77.41871517036331}, "Martin": {"rating": 1613.4303735132564, "rd": 107.35062765183586}, "Marina": {"rating": 2119.150125367907, "rd": 103.28946003052542}, "Fortune": {"rating": 1150.1081300477708, "rd": 83.64608257608077}, "David": {"rating": 1443.9461001004709, "rd": 121.20258053903031}, "Keny": {"rating": 1410.8140651430615, "rd": 95.0807430838611}, "Azamat": {"rating": 1522.4709472510415, "rd": 153.5390901891974}, "Mael": {"rating": 992.6234420158858, "rd": 145.95199663640275}, "Joel (Lou Sir)": {"rating": 1332.1709511529064, "rd": 153.131741114876}, "Pavel": {"rating": 1758.0888192043838, "rd": 74.11272732245347}, "Sam": {"rating": 1400.8586442755748, "rd": 106.97495348274128}, "Thibaut": {"rating": 1707.518606486077, "rd": 138.9681544434736}, "Chris": {"rating": 1620.6472890186303, "rd": 106.8168499354704}, "Nick": {"rating": 1242.0557323535695, "rd": 142.5873469923973}, "Dean": {"rating": 1615.895758039676, "rd": 138.61300295177645}, "Jacobo": {"rating": 1466.9246000949347, "rd": 104.77382302452743}, "Giordano": {"rating": 1363.6623209912905, "rd": 106.6496137641853}, "Oliver": {"rating": 1401.4262404979795, "rd": 105.04929702528503}, "Laurin": {"rating": 1374.2093378850002, "rd": 144.92056570183985}, "Davide": {"rating": 1456.9183179672627, "rd": 138.79981622927437}, "gautier": {"rating": 1219.6178692593153, "rd": 140.00410665150306}, "Pierre": {"rating": 1383.7098444754329, "rd": 137.64070959930973}, "Natalia": {"rating": 1661.8756121181236, "rd": 147.40631618099405}, "James": {"rating": 1399.3547713035534, "rd": 80.92589242715283}, "thor": {"rating": 1802.0663143817037, "rd": 149.79760146597437}, "Cyril": {"rating": 1653.039025914588, "rd": 113.64374810059563}, "Marina P": {"rating": 1284.6666977081952, "rd": 106.42627040969788}, "Dimitrii": {"rating": 1123.4462061459633, "rd": 113.84664956841974}, "Pavel S": {"rating": 1313.8031123526075, "rd": 140.18632856102283}, "Jacopo": {"rating": 1577.302511736291, "rd": 81.62269584154959}, "Paul": {"rating": 1651.5865741300038, "rd": 138.47947030465065}, "Fabian": {"rating": 1159.4896829177296, "rd": 92.73456604685246}, "Vlad": {"rating": 2112.3762319848965, "rd": 150.9214827679984}, "Gabriele": {"rating": 1388.4862059201935, "rd": 142.6369635900095}, "Giacinto": {"rating": 1365.1203171040743, "rd": 151.4026950554088}, "Victor": {"rating": 1387.7471482809683, "rd": 108.25873210908225}, "Renat": {"rating": 1213.326469725674, "rd": 84.97159873430428}, "Andrei Dinu": {"rating": 1532.149824786289, "rd": 88.58004146146055}, "Manoj": {"rating": 1171.5730649942013, "rd": 147.26701482638734}, "Bee": {"rating": 1418.6789794734634, "rd": 77.37134913916405}, "Caryn": {"rating": 1112.923500125607, "rd": 117.15678223992332}, "Thomas Krarup": {"rating": 1060.5542890922245, "rd": 148.53988817519954}, "Valentin Marcel": {"rating": 1915.9746795582914, "rd": 153.3646945107979}, "Soroush Sanaei": {"rating": 1652.9326714216272, "rd": 146.98774828397822}, "Martin Jile\u010dek": {"rating": 1231.8110170032564, "rd": 137.64162237083528}, "Guillaume": {"rating": 1279.034363768672, "rd": 140.01784448204026}, "Zhazira": {"rating": 1437.7228297323595, "rd": 108.29654859844061}, "Thor": {"rating": 1528.0541865842176, "rd": 83.75902126576833}, "Mike": {"rating": 1361.421251142389, "rd": 147.04053397983236}, "David Zvolensky": {"rating": 2184.6155791717997, "rd": 180.58364848107945}, "Dylan": {"rating": 949.9540746444476, "rd": 146.42503792783828}, "A fabian": {"rating": 1207.396415604667, "rd": 150.37596083060976}, "Nataliia": {"rating": 1367.5857067329416, "rd": 112.4633142901272}, "Thom": {"rating": 1230.2630335905633, "rd": 138.76851005568798}, "Gianni": {"rating": 1243.7928449569379, "rd": 142.01884940295326}, "Kenny": {"rating": 1388.2516435740226, "rd": 142.79509016806892}, "Emilio": {"rating": 1191.243468547579, "rd": 143.03835744187842}, "Mike L.": {"rating": 1259.2386646375226, "rd": 136.0596095189366}, "Katherine Enriquez": {"rating": 1180.8092870345317, "rd": 137.91898376129842}, "Martin Hor\u00e1k": {"rating": 1747.4622734982813, "rd": 148.0262878900093}, "Tigran": {"rating": 1498.3375798024888, "rd": 140.76731584440006}, "Valentin": {"rating": 1932.1545604437172, "rd": 122.24092693510912}, "Fortune Okon": {"rating": 1186.717383018145, "rd": 150.99994157530963}, "Pablo": {"rating": 1529.1109176113912, "rd": 143.91666310688214}, "Hoang": {"rating": 1354.8436270213026, "rd": 108.3209346065285}, "": {"rating": 1334.0476661290477, "rd": 110.74542650758002}, "Jakub": {"rating": 1628.3738692516167, "rd": 150.37732471357168}, "Magsud": {"rating": 1472.41399802106, "rd": 149.4357678689155}, "Marek": {"rating": 1220.2626972200237, "rd": 165.39078259169634}, "Dijor": {"rating": 1655.7080706381075, "rd": 161.35169471175124}, "Tomas M.": {"rating": 1312.778882724722, "rd": 163.2032577235284}, "Gabriel": {"rating": 1175.5025800365963, "rd": 156.4741120860336}, "Roberto": {"rating": 1238.3255359867894, "rd": 152.9431352523778}, "Peter P.": {"rating": 1814.8120253643847, "rd": 137.47846113676738}, "Tsotne": {"rating": 1746.0959154640461, "rd": 138.05293904904102}, "William": {"rating": 1352.800419080614, "rd": 140.1290943011063}, "Cl\u00e9ment": {"rating": 1413.5849379723509, "rd": 141.96048829922478}, "Tom (Sklen\u00e1\u0159)": {"rating": 1810.5411041611505, "rd": 144.29106407101844}, "Tom Robinson": {"rating": 1110.4617359406432, "rd": 149.05133048880148}, "Tom Ringstrom": {"rating": 1276.3458722494724, "rd": 139.92520922880317}, "Rodrigo": {"rating": 1224.9537510999671, "rd": 145.78058284124208}, "Calvin Windoro": {"rating": 1556.3918791365068, "rd": 140.86861936495717}, "Michal Jelinek": {"rating": 1535.3564763369666, "rd": 145.0550399483964}, "Marek Karas": {"rating": 1983.7070639883186, "rd": 143.8762611485272}, "Gasper": {"rating": 1319.8630561129125, "rd": 143.75625647186308}, "Boris": {"rating": 1317.613573968124, "rd": 147.04473514185747}}