{"Nadiia": {"rating": 1577.0522951966277, "rd": 75.35646505116698}, "Andrei": {"rating": 1603.7034269528071, "rd": 79.99320423886766}, "Mark": {"rating": 1524.714837824701, "rd": 115.34632378524257}, "Nathan": {"rating": 1078.0090023296204, "rd": 116.01345589938988}, "Babak": {"rating": 1552.939422639466, "rd": 71.26324369046597}, "Fede": {"rating": 1101.5031652794555, "rd": 112.74195724986174}, "Gonzalo": {"rating": 1232.1422409667343, "rd": 69.57586415829527}, "Marco": {"rating": 1967.7291273673186, "rd": 92.73220282361977}, "BustySara": {"rating": 1600.4285974216014, "rd": 148.60576403263155}, "Giovanni": {"rating": 1896.6078380385857, "rd": 152.8481090756615}, "Ned": {"rating": 1734.022410577207, "rd": 113.57153486389356}, "Tomas": {"rating": 1326.5181151453953, "rd": 88.05985777919146}, "Tom": {"rating": 1342.312738343348, "rd": 79.0022978526704}, "Maik": {"rating": 1572.4543416534264, "rd": 75.00385078431181}, "Radka": {"rating": 1212.784026790369, "rd": 80.24045686418364}, "Yoav": {"rating": 1756.1098257583283, "rd": 93.93485959240552}, "Dmitrii": {"rating": 1489.1416787685987, "rd": 147.71497398496373}, "Kuba": {"rating": 1552.7870685839719, "rd": 100.41652932731921}, "Joel": {"rating": 1600.4901557045116, "rd": 112.15817674889084}, "Gil": {"rating": 1724.6151899264069, "rd": 149.42479617457047}, "Andrey": {"rating": 1813.3710717878153, "rd": 151.22013388572253}, "Fabien": {"rating": 1136.8044920803418, "rd": 111.68997302883353}, "Adriano": {"rating": 1793.5376336894587, "rd": 154.80936359663255}, "Krystian": {"rating": 1416.3478507471916, "rd": 145.00228626436217}, "Thor (BustySara)": {"rating": 1543.6596868304002, "rd": 149.8497535963335}, "Fernando": {"rating": 1420.820556895883, "rd": 80.54171627552232}, "Lukas": {"rating": 1314.6547336545873, "rd": 78.58526577196155}, "Jay": {"rating": 1581.4197981086895, "rd": 77.41332853266984}, "Martin": {"rating": 1613.4304629915257, "rd": 107.35081011157305}, "Marina": {"rating": 2119.148326877099, "rd": 103.28787210859633}, "Fortune": {"rating": 1150.1097278085256, "rd": 83.64300983775699}, "David": {"rating": 1443.9457249803402, "rd": 121.20242517686357}, "Keny": {"rating": 1410.8141194293262, "rd": 95.08030326592467}, "Azamat": {"rating": 1522.4709287238968, "rd": 153.53909145294193}, "Mael": {"rating": 992.6234476691677, "rd": 145.9519883904498}, "Joel (Lou Sir)": {"rating": 1332.1709273965175, "rd": 153.1317411490906}, "Pavel": {"rating": 1762.4945568706662, "rd": 76.34447023761636}, "Sam": {"rating": 1400.858735021373, "rd": 106.97459202460331}, "Thibaut": {"rating": 1707.5185795572759, "rd": 138.96813827406706}, "Chris": {"rating": 1520.8804814095802, "rd": 137.66552247019874}, "Nick": {"rating": 1242.0557015219274, "rd": 142.5873473744973}, "Dean": {"rating": 1615.8956812538765, "rd": 138.6129808682713}, "Jacobo": {"rating": 1441.5452062119723, "rd": 142.46273081952762}, "Giordano": {"rating": 1269.0838114503592, "rd": 136.4130601378861}, "Oliver": {"rating": 1372.284227875652, "rd": 136.01158813354203}, "Laurin": {"rating": 1374.2093690514519, "rd": 144.92056099588703}, "Davide": {"rating": 1456.9182230244141, "rd": 138.79980056392438}, "gautier": {"rating": 1219.6179726244013, "rd": 140.0040813421651}, "Pierre": {"rating": 1383.7098300535106, "rd": 137.64069079410694}, "Natalia": {"rating": 1661.8755196664006, "rd": 147.40630994209212}, "James": {"rating": 1399.3516725803838, "rd": 80.92337814376681}, "thor": {"rating": 1802.0662272412255, "rd": 149.79757767267247}, "Cyril": {"rating": 1653.0386095807578, "rd": 113.64365555040534}, "Marina P": {"rating": 1294.5574636856902, "rd": 140.2380176879721}, "Dimitrii": {"rating": 1123.4461995169854, "rd": 113.8464815923103}, "Pavel S": {"rating": 1313.8029778375626, "rd": 140.18630196083203}, "Jacopo": {"rating": 1577.3027085710712, "rd": 81.62046631722535}, "Paul": {"rating": 1651.586447261432, "rd": 138.47942106678468}, "Fabian": {"rating": 1159.4911993522344, "rd": 92.73392384237103}, "Vlad": {"rating": 2112.3760582330633, "rd": 150.92145995934297}, "Gabriele": {"rating": 1388.4858993183657, "rd": 142.63693362331432}, "Giacinto": {"rating": 1365.1202492688737, "rd": 151.40254825793338}, "Victor": {"rating": 1387.7471349443895, "rd": 108.25840821050514}, "Renat": {"rating": 1213.3273457030564, "rd": 84.96932975333162}, "Andrei Dinu": {"rating": 1532.15010045942, "rd": 88.57969985712575}, "Manoj": {"rating": 1171.5733385602812, "rd": 147.26694782360943}, "Bee": {"rating": 1418.6799887684374, "rd": 77.3724462419927}, "Caryn": {"rating": 1112.9241418701245, "rd": 117.1566138232312}, "Thomas Krarup": {"rating": 1060.5545326707352, "rd": 148.53977935889566}, "Valentin Marcel": {"rating": 1915.9744295716234, "rd": 153.3646547422319}, "Soroush Sanaei": {"rating": 1652.9315163808262, "rd": 146.98781483846648}, "Martin Jile\u010dek": {"rating": 1231.8111243337148, "rd": 137.64159833145328}, "Guillaume": {"rating": 1279.035577311228, "rd": 140.01776592836126}, "Zhazira": {"rating": 1437.722469157604, "rd": 108.29596984682583}, "Thor": {"rating": 1528.0553675931358, "rd": 83.76058095583787}, "Mike": {"rating": 1361.4213625052523, "rd": 147.04051640354874}, "David Zvolensky": {"rating": 2184.6154624567607, "rd": 180.5836728933297}, "Dylan": {"rating": 949.9550548892271, "rd": 146.4248205605057}, "A fabian": {"rating": 1207.3965802611344, "rd": 150.37589128212053}, "Nataliia": {"rating": 1367.5855738290575, "rd": 112.46322099345367}, "Thom": {"rating": 1230.264112767642, "rd": 138.7680567620941}, "Gianni": {"rating": 1243.7928367039983, "rd": 142.01879291398194}, "Kenny": {"rating": 1388.2520097318352, "rd": 142.79472755003462}, "Emilio": {"rating": 1191.2434885904481, "rd": 143.0382007434184}, "Mike L.": {"rating": 1259.2389321535916, "rd": 136.05957262375986}, "Katherine Enriquez": {"rating": 1180.810014731589, "rd": 137.91868672257127}, "Martin Hor\u00e1k": {"rating": 1747.4615028860485, "rd": 148.026292322479}, "Tigran": {"rating": 1498.3361181876148, "rd": 140.76725073292002}, "Valentin": {"rating": 1929.1232034896775, "rd": 167.10402971183441}, "Fortune Okon": {"rating": 1186.719177872469, "rd": 150.9996998061707}, "Pablo": {"rating": 1529.111454505019, "rd": 143.9163933776105}, "Hoang": {"rating": 1354.844668509034, "rd": 108.32067045031377}, "": {"rating": 1286.6053843494117, "rd": 147.97399792545477}, "Jakub": {"rating": 1628.374151801553, "rd": 150.37695927388754}, "Magsud": {"rating": 1472.4149475096542, "rd": 149.43544393501037}, "Marek": {"rating": 1220.2633222623156, "rd": 165.39086012604173}, "Dijor": {"rating": 1655.7067687509032, "rd": 161.35141742399833}, "Tomas M.": {"rating": 1312.7791623435924, "rd": 163.20315110131824}, "Gabriel": {"rating": 1175.5034226717164, "rd": 156.47413230650912}, "Roberto": {"rating": 1238.3271018315024, "rd": 152.94273337356475}}