{"Nadiia": {"rating": 1567.777367517241, "rd": 73.20968223001822}, "Andrei Dinu": {"rating": 1575.296023819888, "rd": 66.92710711729099}, "Mark": {"rating": 1423.9116810571393, "rd": 75.55515174156679}, "Nathan": {"rating": 1078.03328088651, "rd": 115.8200378358299}, "Babak": {"rating": 1575.510436817718, "rd": 66.6522559195797}, "Fede": {"rating": 995.5745904281237, "rd": 89.6196706073995}, "Gonzalo": {"rating": 1235.5452222394233, "rd": 68.03780999779238}, "Marco": {"rating": 1942.5445877534692, "rd": 73.73579099971757}, "Thor": {"rating": 1650.4406529814157, "rd": 66.29212950229456}, "Giovanni": {"rating": 1896.6078380385857, "rd": 152.8481090756615}, "Ned": {"rating": 1696.755911275424, "rd": 97.67620649179652}, "Tomas": {"rating": 1410.2251089820877, "rd": 69.56168554950845}, "Tom": {"rating": 1415.0004401664494, "rd": 68.29863392241845}, "Maik": {"rating": 1590.7300582524465, "rd": 66.40266657052571}, "Radka": {"rating": 1233.821025529967, "rd": 77.1160158182059}, "Yoav": {"rating": 1705.830887127078, "rd": 86.90225115245555}, "Dmitrii": {"rating": 1489.1416787685987, "rd": 147.71497398496373}, "Kuba Junek": {"rating": 1410.2686842909957, "rd": 70.01139576588825}, "Joel": {"rating": 1514.614559540327, "rd": 95.19519158375763}, "Gil": {"rating": 1724.6151899264069, "rd": 149.42479617457047}, "Andrey": {"rating": 1813.3710717878153, "rd": 151.22013388572253}, "Fabien": {"rating": 1139.866295034206, "rd": 75.40858506703948}, "Adriano": {"rating": 1790.8207813662373, "rd": 154.29921940703966}, "Krystian": {"rating": 1422.2513773803155, "rd": 141.76897552273175}, "Fernando": {"rating": 1413.0174893402643, "rd": 66.15434252596637}, "Lukáš": {"rating": 1326.3500367107174, "rd": 68.85300813766375}, "Jay": {"rating": 1478.7959731149065, "rd": 67.16840044987033}, "Martin": {"rating": 1547.973146269952, "rd": 72.04702010194144}, "Marina": {"rating": 2068.1439351764297, "rd": 86.72702623593078}, "Fortune Okon": {"rating": 1159.7225408989768, "rd": 71.86722348490693}, "David": {"rating": 1278.001793794018, "rd": 123.16131415186058}, "Kenny": {"rating": 1411.6555059749849, "rd": 83.15816803073209}, "Azamat": {"rating": 1509.4866567687898, "rd": 149.35375964242408}, "Mael": {"rating": 996.6827278727444, "rd": 145.191638897806}, "Pavel Celba": {"rating": 1840.3747410801575, "rd": 68.77148161142351}, "Sam": {"rating": 1396.693056387103, "rd": 106.08945522867904}, "Thibaut": {"rating": 1691.9212260324643, "rd": 138.83367479535966}, "Chris": {"rating": 1629.8836143035148, "rd": 106.88817051551439}, "Nick": {"rating": 1244.8268868587152, "rd": 142.28358538829033}, "Dean": {"rating": 1613.7996058417891, "rd": 137.9162747818538}, "Jacopo": {"rating": 1666.5420832847522, "rd": 66.12598355242073}, "Giordano": {"rating": 1376.3818459099134, "rd": 106.93845096667523}, "Oliver": {"rating": 1388.7699282838935, "rd": 103.68333012224359}, "Laurin": {"rating": 1364.0830037757964, "rd": 143.55024621351862}, "Davide": {"rating": 1429.7858568996087, "rd": 109.63319621129416}, "Gautier": {"rating": 1217.846915103831, "rd": 139.44764378517962}, "Pierre": {"rating": 1386.9320420450326, "rd": 137.5201988609511}, "Natalia": {"rating": 1479.189199842582, "rd": 73.80455293375026}, "James": {"rating": 1322.1256344874848, "rd": 71.87783944944653}, "Cyril": {"rating": 1562.2103520360379, "rd": 90.97518334115169}, "Marina P": {"rating": 1261.01278348576, "rd": 105.99465230105484}, "Dimitrii": {"rating": 1156.4131289796537, "rd": 96.99407534689311}, "Pavel S": {"rating": 1311.356525050997, "rd": 139.17712463865553}, "Paul": {"rating": 1652.0228453596667, "rd": 138.43655807135465}, "Vlad": {"rating": 2089.602412578667, "rd": 152.52018157453665}, "Gabriele": {"rating": 1269.1195998474, "rd": 111.70972782934838}, "Giacinto": {"rating": 1243.6914556209358, "rd": 114.4258772869729}, "Victor": {"rating": 1356.1524509184637, "rd": 89.50987494930679}, "Renat": {"rating": 1267.417383032586, "rd": 76.23852785024538}, "Manoj": {"rating": 1169.652277393407, "rd": 147.0954754689089}, "Bee": {"rating": 1446.2503603382877, "rd": 67.59397770234438}, "Caryn": {"rating": 1117.176709299342, "rd": 116.42610382411527}, "Thomas Krarup": {"rating": 1057.1636480947554, "rd": 147.71657584709982}, "Valentin Marcel": {"rating": 2062.322473829237, "rd": 95.53263994732043}, "Soroush Sanaei": {"rating": 1642.9241800781574, "rd": 109.148316061197}, "Martin Jileček": {"rating": 1252.3889503780013, "rd": 138.16568514565466}, "Guillaume": {"rating": 1305.7523775812583, "rd": 141.89337045212497}, "Zhazira Suraubay": {"rating": 1453.594792287831, "rd": 70.09023836658208}, "Mike L": {"rating": 1250.495108340958, "rd": 90.35796701512534}, "David Zvolensky": {"rating": 1962.9806085957407, "rd": 121.15894555243247}, "Dylan": {"rating": 977.4649360259027, "rd": 145.4913941722283}, "Thom": {"rating": 1240.5101836127806, "rd": 138.85467575067184}, "Gianni": {"rating": 1260.8088234169131, "rd": 139.7344309760655}, "Emilio": {"rating": 1201.1312851629446, "rd": 137.74812054344898}, "Katherine Enriquez": {"rating": 1160.4860790768366, "rd": 136.1068179693132}, "Martin Horák": {"rating": 1937.4830631011837, "rd": 84.15100589975296}, "Tigran": {"rating": 1685.1528406041214, "rd": 91.18944144919945}, "Pablo": {"rating": 1545.20546446126, "rd": 148.10249731643216}, "Hoang": {"rating": 1420.738896979241, "rd": 92.45926237358132}, "": {"rating": 1333.4576899696797, "rd": 89.08134412362193}, "Jakub": {"rating": 1647.1870725654344, "rd": 149.44110312654294}, "Magsud": {"rating": 1485.0418033072506, "rd": 148.4545473444573}, "Marek Karas": {"rating": 2053.680474213508, "rd": 75.4842399729775}, "Dijor": {"rating": 1663.7765307150178, "rd": 160.50476114954841}, "Tomas M.": {"rating": 1330.3930934954726, "rd": 160.50511004158844}, "Roberto": {"rating": 1256.4411377047077, "rd": 150.60871909238415}, "Peter P.": {"rating": 2046.9408969890997, "rd": 80.12206126611764}, "Tsotne": {"rating": 1616.6106085403705, "rd": 88.57638621759774}, "William": {"rating": 1347.9255385478596, "rd": 140.4659455868579}, "Clément": {"rating": 1419.3708557819482, "rd": 83.62311536009068}, "Tom Sklenář": {"rating": 1853.1398762185615, "rd": 86.42266990306722}, "Tom Robinson": {"rating": 1102.6720980869231, "rd": 148.82666111051952}, "Tom Ringstrom": {"rating": 1291.257242759729, "rd": 139.75606921958178}, "Rodrigo": {"rating": 1264.169930304112, "rd": 112.84321933147775}, "Calvin Windoro": {"rating": 1536.6120340518505, "rd": 91.32833962913489}, "Michal Jelinek": {"rating": 1485.2076792974622, "rd": 147.08517497971465}, "Gasper": {"rating": 1317.5100918481435, "rd": 143.80501162093464}, "Boris": {"rating": 1305.0961743046037, "rd": 146.41320241713223}, "Durane": {"rating": 1302.5274537378787, "rd": 140.57744706039207}, "Patrick E": {"rating": 1113.5926540911369, "rd": 140.8282043447319}, "Myles": {"rating": 1586.7055348982044, "rd": 103.46181983083783}, "Nicolas": {"rating": 1415.1101555145278, "rd": 105.74371764730932}, "Mike Diaz": {"rating": 1117.7007319935376, "rd": 141.4424571414568}, "Vit": {"rating": 938.4234491418765, "rd": 141.44538204059276}, "Tamir": {"rating": 1243.62769997365, "rd": 140.9018339936566}, "Yaroslav": {"rating": 1072.732496505598, "rd": 89.90587370338999}, "Jan": {"rating": 1290.9985181579168, "rd": 151.6166586512621}, "Robert Jr.": {"rating": 1226.9783804730785, "rd": 95.93859218919222}, "Jordan": {"rating": 1299.9159041455089, "rd": 146.89188408023995}, "Jorge Calvo": {"rating": 1981.160416316795, "rd": 86.92459703516133}, "Artem Razumovskii": {"rating": 1707.9338171731, "rd": 70.09337696821396}, "Jeff": {"rating": 1239.6015642428308, "rd": 138.30594357214375}, "František": {"rating": 1563.050896724274, "rd": 95.88652090974003}, "Erik": {"rating": 1469.7666182197245, "rd": 80.71515698419499}, "Tomas N.": {"rating": 1497.9253788133367, "rd": 107.14727465966213}, "Robert Sr.": {"rating": 1672.876456973377, "rd": 145.3746104669373}, "Martin Sterba": {"rating": 1611.6049716200075, "rd": 93.03512775876902},