{"Nadiia": {"rating": 1540.135042866185, "rd": 66.2882507853214}, "Andrei Dinu": {"rating": 1594.052140156434, "rd": 65.87567020614466}, "Mark": {"rating": 1452.3109849079456, "rd": 70.67411483041118}, "Nathan": {"rating": 1007.4982958430805, "rd": 78.56323049128815}, "Babak": {"rating": 1557.869212223703, "rd": 67.62773743777846}, "Fede": {"rating": 986.3737605168197, "rd": 75.9124765957784}, "Gonzalo": {"rating": 1203.474060449037, "rd": 66.40123120054938}, "Marco": {"rating": 1973.2411520711607, "rd": 75.71541203464975}, "Thor": {"rating": 1590.25612836748, "rd": 67.05357524708008}, "Giovanni": {"rating": 1994.10073567065, "rd": 100.22381666541806}, "Ned": {"rating": 1781.5026252773666, "rd": 75.56438717913052}, "Tomas": {"rating": 1333.0204387422182, "rd": 66.22131478034757}, "Tom": {"rating": 1343.0725850074596, "rd": 67.37078372699771}, "Maik": {"rating": 1559.592809560324, "rd": 65.28051971956509}, "Radka": {"rating": 1173.6088814411037, "rd": 65.72277654377864}, "Yoav": {"rating": 1749.4056175078288, "rd": 72.57896764525243}, "Dmitrii": {"rating": 1423.157225346072, "rd": 91.23707856926613}, "Kuba": {"rating": 1475.1874342518686, "rd": 67.78854975407683}, "Joel": {"rating": 1533.787889287614, "rd": 67.64371741907739}, "Gil": {"rating": 1764.6977164510113, "rd": 95.23269152609141}, "Andrey": {"rating": 1871.324921220268, "rd": 98.67450483488858}, "Fabien": {"rating": 1133.3404821958848, "rd": 67.00338979564378}, "Adriano": {"rating": 1869.269433401365, "rd": 108.65001964997033}, "Krystian": {"rating": 1375.5743180829547, "rd": 90.69959507000972}, "Fernando": {"rating": 1415.3115095479134, "rd": 64.989939130472}, "Lukas": {"rating": 1287.8840090730503, "rd": 64.55905896019992}, "Jay": {"rating": 1487.9908160061937, "rd": 65.12874009437269}, "Martin": {"rating": 1574.743991584504, "rd": 64.79314273199897}, "Marina": {"rating": 2146.859378885015, "rd": 82.8094747104816}, "Fortune Okon": {"rating": 1088.1548759084797, "rd": 67.6277619825287}, "David": {"rating": 1025.7345212166103, "rd": 89.36163911788584}, "Kenny": {"rating": 1398.5605431759807, "rd": 65.61089099323316}, "Azamat": {"rating": 1487.4536034722978, "rd": 94.54191170912986}, "Mael": {"rating": 898.0860965771101, "rd": 100.58677982087988}, "Pavel": {"rating": 1790.5813651600067, "rd": 70.67683937378646}, "Sam": {"rating": 1375.1378354262338, "rd": 72.05900269914301}, "Thibaut": {"rating": 1711.063723525627, "rd": 89.48968128971715}, "Chris": {"rating": 1568.9271899218681, "rd": 80.8614712404895}, "Nick": {"rating": 1418.0112864148994, "rd": 74.82705064914408}, "Dean": {"rating": 1647.1180982910462, "rd": 92.13112473259251}, "Jacopo": {"rating": 1556.7134130391446, "rd": 66.12229839625769}, "Giordano": {"rating": 1282.2377732465732, "rd": 81.6970945429086}, "Oliver": {"rating": 1367.2152611534289, "rd": 79.78950203587027}, "Laurin": {"rating": 1352.6628668319458, "rd": 89.24713198584394}, "Davide": {"rating": 1431.7382926946777, "rd": 87.33687311662726}, "gautier": {"rating": 1150.7577087143125, "rd": 91.32129743763305}, "Pierre": {"rating": 1345.7029345503834, "rd": 85.98812582299439}, "Natalia": {"rating": 1508.4125214485618, "rd": 71.65443234544306}, "James": {"rating": 1297.6384613405744, "rd": 65.28841516306927}, "Cyril": {"rating": 1576.20516098719, "rd": 71.26370174666685}, "Marina P": {"rating": 1199.5454293352598, "rd": 84.1734093679494}, "Dimitrii": {"rating": 1027.7704293415059, "rd": 87.2876693152061}, "Pavel S": {"rating": 1247.8947135904202, "rd": 90.56018900732306}, "Paul": {"rating": 1678.1024314408726, "rd": 89.8711256393359}, "Vlad": {"rating": 2273.941437846848, "rd": 115.51626884038274}, "Gabriele": {"rating": 1298.5911588888514, "rd": 83.5040479472151}, "Giacinto": {"rating": 1241.7130690499223, "rd": 86.9926376675393}, "Victor": {"rating": 1342.5670647568418, "rd": 68.3626341283133}, "Renat": {"rating": 1215.7029007946073, "rd": 67.67237104654737}, "Manoj": {"rating": 1078.9869000568283, "rd": 93.24486983434294}, "Bee": {"rating": 1357.1636556767544, "rd": 65.24010509101545}, "Caryn": {"rating": 1020.4589849209963, "rd": 85.10018080530944}, "Thomas Krarup": {"rating": 931.7218372938703, "rd": 97.99039801151798}, "Valentin Marcel": {"rating": 2124.623552103312, "rd": 92.9492470897163}, "Soroush Sanaei": {"rating": 1645.6489808289907, "rd": 81.60531619686945}, "Martin Jile\u010dek": {"rating": 1200.7179873605726, "rd": 89.14467138589247}, "Guillaume": {"rating": 1248.7519204488458, "rd": 93.83928048354737}, "Zhazira Suraubay": {"rating": 1438.2952018214387, "rd": 65.48389970374079}, "Mike L": {"rating": 1297.530887162875, "rd": 83.13305070089982}, "David Zvolensky": {"rating": 2308.9312402760834, "rd": 126.79112898009599}, "Dylan": {"rating": 859.642847862997, "rd": 120.12614359308536}, "Thom": {"rating": 1186.2021651436658, "rd": 103.69433012306851}, "Gianni": {"rating": 1200.5373117365582, "rd": 108.3354762337141}, "Emilio": {"rating": 1153.832006956447, "rd": 103.88409114018827}, "Mike L.": {"rating": 1231.447278080387, "rd": 102.14203514326944}, "Katherine Enriquez": {"rating": 1127.5282796501053, "rd": 135.90297418710358}, "Martin Hor\u00e1k": {"rating": 1888.411569396625, "rd": 103.86800805201572}, "Tigran": {"rating": 1684.3134195034995, "rd": 93.04012357746845}, "Pablo": {"rating": 1529.8985762580578, "rd": 153.19500464203728}, "Hoang": {"rating": 1399.2743405795356, "rd": 94.61739937148931}, "": {"rating": 1266.9252407439717, "rd": 112.48963993394231}, "Jakub": {"rating": 1638.5676917478722, "rd": 149.39410203823397}, "Magsud": {"rating": 1467.335658781481, "rd": 149.8849504613262}, "Marek": {"rating": 1831.487673511335, "rd": 90.86728486723604}, "Dijor": {"rating": 1662.1511174654052, "rd": 164.38663132016805}, "Tomas M.": {"rating": 1320.6152604757729, "rd": 161.85936535287746}, "Roberto": {"rating": 1218.8926378310596, "rd": 151.64020127532478}, "Peter P.": {"rating": 2059.9507052926447, "rd": 101.6782922277651}, "Tsotne": {"rating": 1625.4064203229798, "rd": 90.82757193018378}, "William": {"rating": 1330.922484140552, "rd": 141.06188404464075}, "Cl\u00e9ment": {"rating": 1390.9709983411537, "rd": 78.26631007066275}, "Tom (Sklen\u00e1\u0159)": {"rating": 1804.4543137077342, "rd": 146.57558081899242}, "Tom Robinson": {"rating": 1100.8749737552391, "rd": 146.19647981575307}, "Tom Ringstrom": {"rating": 1267.7140078670923, "rd": 140.91387164449787}, "Rodrigo": {"rating": 1250.6165267898077, "rd": 114.2154380552778}, "Calvin Windoro": {"rating": 1485.4645614292353, "rd": 105.73526811085024}, "Michal Jelinek": {"rating": 1528.1099307629952, "rd": 146.02340965910676}, "Marek Karas": {"rating": 2016.8834350845893, "rd": 149.3814897974675}, "Gasper": {"rating": 1307.6134049283014, "rd": 144.87178468277224}, "Boris": {"rating": 1291.4610066005532, "rd": 146.29129020282693}, "Durane": {"rating": 1285.8405323860409, "rd": 144.06334383950735}, "Patrick E": {"rating": 1099.598073449285, "rd": 140.67408040934166}, "Myles": {"rating": 1556.0689499890352, "rd": 106.18872182869232}, "Tom Sklen\u00c3\u00a1\u00c5\u2122": {"rating": 1880.0398069582022, "rd": 140.0871895565202}, "Nicolas": {"rating": 1402.5650856141342, "rd": 107.03907980772695}, "Mike Diaz": {"rating": 1087.2890742447014, "rd": 143.16997965335923}, "Vit": {"rating": 937.4450371310957, "rd": 136.57033547842056}, "Tamir": {"rating": 1238.045520044915, "rd": 145.6454613487273}, "Yaroslav": {"rating": 1061.6266596094097, "rd": 84.78749300367323}, "Tom Sklen\u00e1\u0159": {"rating": 1862.511053982018, "rd": 160.5962845684388}, "Luk\u00e1\u0161": {"rating": 1263.216081556323, "rd": 138.3972676844417}, "Jan": {"rating": 1256.2634219294107, "rd": 155.45033420197478}, "Robert": {"rating": 1222.2584977259685, "rd": 140.7806330995435}, "Jordan": {"rating": 1282.699451781106, "rd": 147.54107087626767}, "Jorge Calvo": {"rating": 2058.4314075493658, "rd": 100.85110972315353}, "Artem Razumovskii": {"rating": 1554.2092479812272, "rd": 146.26740373403655}, "Jeff": {"rating": 1209.2514176902864, "rd": 136.96100743939374},