{"Nadiia": {"rating": 1568.1476285849174, "rd": 73.26044108046743}, "Andrei Dinu": {"rating": 1546.950819475602, "rd": 67.13512083449686}, "Mark": {"rating": 1422.5954265549617, "rd": 84.73304278802279}, "Nathan": {"rating": 1078.03328088651, "rd": 115.8200378358299}, "Babak": {"rating": 1633.9104011653567, "rd": 65.80721600253375}, "Fede": {"rating": 1015.6228832853017, "rd": 98.24787744934115}, "Gonzalo": {"rating": 1208.9399884968266, "rd": 66.84096848134021}, "Marco": {"rating": 1931.9809205231195, "rd": 80.45028986867541}, "Thor": {"rating": 1600.484418683097, "rd": 66.71326546311522}, "Giovanni": {"rating": 1896.6078380385857, "rd": 152.8481090756615}, "Ned": {"rating": 1734.2187148809528, "rd": 113.38099066794256}, "Tomas": {"rating": 1432.8145879481824, "rd": 70.99387926261267}, "Tom": {"rating": 1401.276077676897, "rd": 69.44180682549319}, "Maik": {"rating": 1555.877566384723, "rd": 66.37418084863295}, "Radka": {"rating": 1212.306304195703, "rd": 79.97576893105553}, "Yoav": {"rating": 1708.1647330674718, "rd": 86.84186836985707}, "Dmitrii": {"rating": 1489.1416787685987, "rd": 147.71497398496373}, "Kuba": {"rating": 1429.7246199990295, "rd": 71.03624143143978}, "Joel": {"rating": 1514.614559540327, "rd": 95.19519158375763}, "Gil": {"rating": 1724.6151899264069, "rd": 149.42479617457047}, "Andrey": {"rating": 1813.3710717878153, "rd": 151.22013388572253}, "Fabien": {"rating": 1139.866295034206, "rd": 75.40858506703948}, "Adriano": {"rating": 1790.8207813662373, "rd": 154.29921940703966}, "Krystian": {"rating": 1422.2513773803155, "rd": 141.76897552273175}, "Fernando": {"rating": 1435.291803426802, "rd": 66.884067284427}, "Lukas": {"rating": 1357.098698836942, "rd": 69.04812966989608}, "Jay": {"rating": 1424.6736180415035, "rd": 65.95133021671062}, "Martin": {"rating": 1549.8279440465626, "rd": 72.11221798694554}, "Marina": {"rating": 2057.621947583667, "rd": 92.48940697421138}, "Fortune Okon": {"rating": 1138.4546757385478, "rd": 71.85924407551106}, "David": {"rating": 1278.9311664713725, "rd": 123.39699343790664}, "Kenny": {"rating": 1411.6555059749849, "rd": 83.15816803073209}, "Azamat": {"rating": 1509.4866567687898, "rd": 149.35375964242408}, "Mael": {"rating": 996.6827278727444, "rd": 145.191638897806}, "Pavel": {"rating": 1795.4694892753516, "rd": 72.10740255845542}, "Sam": {"rating": 1396.693056387103, "rd": 106.08945522867904}, "Thibaut": {"rating": 1691.9212260324643, "rd": 138.83367479535966}, "Chris": {"rating": 1629.9790236991391, "rd": 106.88398785674654}, "Nick": {"rating": 1559.9671455185924, "rd": 93.4876734462564}, "Dean": {"rating": 1613.7996058417891, "rd": 137.9162747818538}, "Jacopo": {"rating": 1581.511293447728, "rd": 64.72372168888573}, "Giordano": {"rating": 1376.5209313946, "rd": 106.95733626687834}, "Oliver": {"rating": 1410.307776538921, "rd": 104.92363539890378}, "Laurin": {"rating": 1364.0830037757964, "rd": 143.55024621351862}, "Davide": {"rating": 1460.878509760383, "rd": 138.5088869575646}, "Gautier": {"rating": 1217.846915103831, "rd": 139.44764378517962}, "Pierre": {"rating": 1386.9320420450326, "rd": 137.5201988609511}, "Natalia": {"rating": 1483.53554602937, "rd": 76.376912485136}, "James": {"rating": 1322.0133529919647, "rd": 71.87721047668093}, "Cyril": {"rating": 1561.767990236501, "rd": 91.07252491770736}, "Marina P": {"rating": 1261.062180092899, "rd": 105.99506595065843}, "Dimitrii": {"rating": 1114.4545206305988, "rd": 113.79965790977411}, "Pavel S": {"rating": 1311.356525050997, "rd": 139.17712463865553}, "Paul": {"rating": 1652.0228453596667, "rd": 138.43655807135465}, "Vlad": {"rating": 2089.602412578667, "rd": 152.52018157453665}, "Gabriele": {"rating": 1269.1195998474, "rd": 111.70972782934838}, "Giacinto": {"rating": 1244.1120468890674, "rd": 114.49428183250464}, "Victor": {"rating": 1356.209526940419, "rd": 89.53967907384163}, "Renat": {"rating": 1263.0866175942992, "rd": 75.68221925900504}, "Manoj": {"rating": 1169.652277393407, "rd": 147.0954754689089}, "Bee": {"rating": 1440.4129475513414, "rd": 67.28962108146453}, "Caryn": {"rating": 1117.176709299342, "rd": 116.42610382411527}, "Thomas Krarup": {"rating": 1057.1636480947554, "rd": 147.71657584709982}, "Valentin Marcel": {"rating": 2069.719223405227, "rd": 96.56394620537094}, "Soroush Sanaei": {"rating": 1643.4765258428324, "rd": 109.07342777214902}, "Martin Jileček": {"rating": 1252.3889503780013, "rd": 138.16568514565466}, "Guillaume": {"rating": 1305.7523775812583, "rd": 141.89337045212497}, "Zhazira Suraubay": {"rating": 1468.6538048695504, "rd": 71.9249093573132}, "Mike L": {"rating": 1250.7360457787097, "rd": 90.36732200875517}, "David Zvolensky": {"rating": 2127.836547820276, "rd": 147.05731387600613}, "Dylan": {"rating": 977.4649360259027, "rd": 145.4913941722283}, "Thom": {"rating": 1240.5101836127806, "rd": 138.85467575067184}, "Gianni": {"rating": 1260.8088234169131, "rd": 139.7344309760655}, "Emilio": {"rating": 1201.1312851629446, "rd": 137.74812054344898}, "Katherine Enriquez": {"rating": 1160.4860790768366, "rd": 136.1068179693132}, "Martin Horák": {"rating": 1930.4310735414108, "rd": 91.15880048710821}, "Tigran": {"rating": 1689.698679081862, "rd": 91.56970399997432}, "Pablo": {"rating": 1545.20546446126, "rd": 148.10249731643216}, "Hoang": {"rating": 1422.1625382755083, "rd": 92.67514068462658}, "": {"rating": 1297.1811029650341, "rd": 110.69364158689356}, "Jakub": {"rating": 1647.1870725654344, "rd": 149.44110312654294}, "Magsud": {"rating": 1485.0418033072506, "rd": 148.4545473444573}, "Marek": {"rating": 1795.3752377308779, "rd": 98.9162090203245}, "Dijor": {"rating": 1663.7765307150178, "rd": 160.50476114954841}, "Tomas M.": {"rating": 1330.3930934954726, "rd": 160.50511004158844}, "Roberto": {"rating": 1256.4411377047077, "rd": 150.60871909238415}, "Peter P.": {"rating": 2052.35849695213, "rd": 99.15788073107153}, "Tsotne": {"rating": 1632.1285250356273, "rd": 89.72808812969808}, "William": {"rating": 1348.324730857873, "rd": 140.509300269738}, "Clément": {"rating": 1420.096835404327, "rd": 83.65737331415734}, "Tom Sklenář": {"rating": 1896.7635877381797, "rd": 95.01207864604395}, "Tom Robinson": {"rating": 1103.1835967972381, "rd": 148.87703312649492}, "Tom Ringstrom": {"rating": 1292.1966475058155, "rd": 139.7095963958993}, "Rodrigo": {"rating": 1264.6012025758018, "rd": 112.88859082902147}, "Calvin Windoro": {"rating": 1500.24640513282, "rd": 105.0416752510345}, "Michal Jelinek": {"rating": 1530.0023099118696, "rd": 146.12232390980586}, "Marek Karas": {"rating": 2007.9593724431788, "rd": 146.76822074036872}, "Gasper": {"rating": 1318.106839275567, "rd": 144.01517103876677}, "Boris": {"rating": 1310.4834175794986, "rd": 146.837648146597}, "Durane": {"rating": 1303.14079633834, "rd": 140.6414477021807}, "Patrick E": {"rating": 1114.3393121875215, "rd": 140.88984505783657}, "Myles": {"rating": 1582.5826782297052, "rd": 103.68034490332545}, "Nicolas": {"rating": 1418.7137129595549, "rd": 106.07934626435213}, "Mike Diaz": {"rating": 1118.2193415274703, "rd": 141.49329706930266}, "Vit": {"rating": 938.6973671331017, "rd": 141.47571578292394}, "Tamir": {"rating": 1253.4410650155025, "rd": 143.58070214569622}, "Yaroslav": {"rating": 1071.7987413684946, "rd": 90.52661021965984}, "Lukáš": {"rating": 1268.8100985718672, "rd": 138.64720645827884}, "Jan": {"rating": 1282.6366470069956, "rd": 152.97812372304165}, "Robert Jr.": {"rating": 1210.271063840798, "rd": 108.11282704917815}, "Jordan": {"rating": 1300.6037588013896, "rd": 146.94227351297428}, "Jorge Calvo": {"rating": 1986.0012969939276, "rd": 108.60041290530457}, "Artem Razumovskii": {"rating": 1639.6292713269504, "rd": 76.10696494456599}, "Jeff": {"rating": 1239.7846642134268, "rd": 138.1644346756853}, "František": {"rating": 1550.0051412790122, "rd": 110.51033822351738}, "Erik": {"rating": 1492.9461860051345, "rd": 88.13323719439133}, "Tomas N.": {"rating": 1480.5010640540206, "rd": 145.21017941443515}, "Robert Sr.": {"rating": 1674.435362969105,